start_station,station_name,go_live_date,region ,status,start_count,start_lat,start_lon,monday_count,tuesday_count,wednesday_count,thursday_count,friday_count,saturday_count,sunday_count,time_range_0_count,time_range_3_count,time_range_6_count,time_range_9_count,time_range_12_count,time_range_15_count,time_range_18_count,time_range_21_count,start_count_q2_2019,start_count_q1_2019,start_count_q4_2018,start_count_q3_2018,start_count_q2_2018,start_count_q1_2018,start_count_q4_2017,start_count_q3_2017,start_count_q2_2017,start_count_q1_2017,start_count_q4_2016,start_count_q3_2016
3000,Virtual Station,7/7/2016,N/A,Active,0,0,0,29,28,20,16,19,8,24,7,2,9,27,48,35,10,6,81,202,48,559,87,54,435,59,64,29,19,#N/A
3005,7th & Flower,7/7/2016,DTLA,Active,4512,34.0485,-118.258537,749,708,687,672,714,512,470,133,39,298,655,849,838,1149,551,2738,2955,3562,3757,2884,2159,2593,2751,2411,1250,1729,1904
3006,Olive & 8th,7/7/2016,DTLA,Active,2269,34.04554,-118.256668,374,345,297,268,333,334,318,51,17,97,286,473,453,569,323,1309,1472,1481,1595,1282,1077,1158,1176,973,592,799,1317
3007,5th & Grand,7/7/2016,DTLA,Active,1525,34.05048,-118.254593,252,282,246,256,221,156,112,11,24,31,220,321,501,348,69,1232,1009,1479,1729,1403,1029,1082,1230,1191,831,856,1098
3008,Figueroa & 9th,7/7/2016,DTLA,Active,1092,34.046612,-118.262733,175,188,159,163,148,109,150,40,9,40,131,220,223,310,119,776,876,1334,1620,1048,728,854,960,888,562,673,921
3010,11th & Maple,7/10/2016,DTLA,Active,207,34.037048,-118.254868,41,38,22,27,37,22,20,1,2,5,18,47,101,19,14,194,197,172,223,161,119,83,146,173,49,155,223
3011,Figueroa & Pico,7/12/2016,DTLA,Active,802,34.04113,-118.267982,124,116,119,106,114,111,112,31,9,27,93,144,216,211,71,451,643,738,837,692,526,587,568,620,374,426,457
3013,Anaheim & Avalon,7/31/2017,Port of LA,Inactive,28,33.779819,-118.263023,5,4,4,3,3,2,7,1,1,2,1,5,10,8,0,55,24,12,24,25,26,19,82,#N/A,#N/A,#N/A,#N/A
3014,Union Station West Portal,7/7/2016,DTLA,Active,3231,34.05661,-118.237213,534,648,656,632,514,132,115,68,86,2068,344,207,175,192,91,2733,2308,2783,2520,2231,1642,1683,1890,2008,1051,1465,2055
3016,Los Angeles & Temple,7/7/2016,DTLA,Active,1008,34.052898,-118.241562,171,187,196,179,179,44,52,3,8,106,127,167,473,105,19,812,619,560,610,559,330,352,505,497,330,679,944
3018,Grand & Olympic,7/7/2016,DTLA,Active,1097,34.043732,-118.260139,157,165,196,154,151,129,145,64,19,127,187,181,184,227,108,910,962,1124,834,641,585,556,809,569,307,333,571
3019,12th & Hill,7/7/2016,DTLA,Active,1154,34.038609,-118.260857,210,208,193,218,179,67,79,23,5,189,152,199,352,166,68,870,714,1019,1215,806,519,553,585,710,456,598,856
3020,Hill & Washington,7/7/2016,DTLA,Active,226,34.031052,-118.26709,39,43,37,34,33,28,12,1,4,5,56,65,67,20,8,148,123,243,152,152,136,94,131,142,98,219,211
3022,3rd & Santa Fe,7/7/2016,DTLA,Active,983,34.04607,-118.233093,184,155,145,142,151,114,92,5,0,186,144,201,207,196,44,820,843,1241,1466,1121,1245,1326,1330,1235,1087,1280,1526
3023,1st & Judge John Aiso,7/7/2016,DTLA,Active,689,34.050911,-118.240967,98,104,98,105,112,73,99,8,6,88,78,124,182,140,63,517,492,577,761,703,508,498,484,672,507,646,827
3024,Hope & 1st,7/13/2016,DTLA,Active,467,34.05772,-118.24897,92,90,84,67,79,26,29,8,1,13,76,64,229,50,26,320,253,378,363,351,310,363,379,364,239,464,943
3025,Grand & Washington,7/7/2016,DTLA,Active,211,34.03286,-118.268082,26,29,27,33,42,32,22,4,4,10,38,40,51,52,12,104,175,265,176,234,159,219,271,229,150,255,221
3026,Figueroa & Cesar Chavez,7/7/2016,DTLA,Active,804,34.063179,-118.24588,121,121,124,120,124,98,96,36,9,176,114,125,127,141,76,685,545,666,629,525,469,628,644,608,387,555,620
3027,Spring & 3rd,7/7/2016,DTLA,Active,1350,34.04998,-118.247162,237,241,206,225,237,99,105,21,4,224,321,236,353,150,41,1142,876,960,1084,768,785,829,947,857,688,870,999
3028,Grand & Temple,7/7/2016,DTLA,Active,395,34.058319,-118.246094,50,66,61,71,60,54,33,10,6,21,36,54,109,113,46,464,350,514,647,458,406,438,457,505,314,376,489
3029,Main & 4th,7/7/2016,DTLA,Active,920,34.048851,-118.246422,137,141,142,149,149,102,100,20,6,158,190,157,137,167,85,717,780,944,1015,829,749,754,632,713,535,653,714
3030,Main & 1st,7/7/2016,DTLA,Active,3944,34.051941,-118.24353,713,828,841,766,603,103,90,61,15,190,536,689,2103,271,79,3049,2517,3046,3001,2245,1431,1553,1704,1785,1243,1618,2198
3031,7th & Spring,7/7/2016,DTLA,Active,2485,34.044701,-118.252441,364,438,356,357,386,285,299,59,37,339,344,478,441,523,264,1871,2394,2462,2198,1991,1536,1588,1910,1831,1154,1586,1888
3032,Hope & 6th,7/7/2016,DTLA,Active,1362,34.049889,-118.255882,243,248,231,250,200,115,75,12,3,32,194,363,407,305,46,885,786,925,1053,772,737,828,1133,910,495,777,1194
3033,Main & 9th,7/7/2016,DTLA,Active,796,34.040989,-118.255798,145,145,111,139,112,68,76,56,5,86,82,100,203,147,117,504,524,524,460,341,283,235,301,318,175,230,304
3034,Hope & 11th,7/7/2016,DTLA,Active,988,34.042061,-118.263382,167,168,155,156,158,92,92,8,3,193,192,213,164,167,48,927,1006,1126,1143,928,817,951,1166,1055,685,950,1402
3035,Figueroa & 8th,7/7/2016,DTLA,Active,1999,34.048401,-118.260948,335,300,306,293,283,244,238,48,10,95,289,383,373,545,256,1366,1259,1538,781,1423,1117,1365,1441,1341,783,1140,1483
3036,Willow St & Mateo St,7/7/2016,DTLA,Active,427,34.039188,-118.232529,57,72,69,64,52,58,55,1,1,39,72,57,156,86,15,415,396,578,590,508,356,370,332,445,236,344,573
3037,Imperial & 7th,7/7/2016,DTLA,Active,481,34.034801,-118.231277,59,76,78,56,69,74,69,47,3,11,47,75,110,113,75,376,263,382,393,362,290,291,355,458,317,390,467
3038,Main & 5th,7/7/2016,DTLA,Active,1526,34.046822,-118.248352,193,205,231,232,227,218,220,69,26,204,169,258,221,311,268,1193,1301,1592,1476,1220,1143,1222,1256,1295,758,1066,1482
3040,Wilshire & Witmer,7/7/2016,DTLA,Active,710,34.05357,-118.266357,104,123,98,100,102,93,90,25,4,89,147,109,124,131,81,427,352,579,745,501,448,483,357,439,246,273,504
3042,1st & Central,7/7/2016,DTLA,Active,1724,34.049301,-118.238808,276,292,299,285,294,131,147,40,64,633,270,183,205,195,134,1593,1397,1893,1737,1593,1149,1253,1398,1809,1066,1142,1807
3045,18th & San Pedro,7/7/2016,DTLA,Active,110,34.028511,-118.256668,20,9,12,18,14,21,16,13,1,6,20,23,26,18,3,109,77,81,113,125,88,80,162,98,50,44,93
3046,2nd & Hill,7/12/2016,DTLA,Active,533,34.052872,-118.24749,75,69,86,93,111,47,52,31,3,67,70,88,132,86,56,392,494,618,746,493,441,632,496,482,361,383,601
3047,Pico & Flower,7/7/2016,DTLA,Active,824,34.039982,-118.266403,111,142,114,131,116,90,120,20,5,115,131,126,149,213,65,599,751,1272,1248,898,735,676,888,910,572,797,861
3048,5th & Hewitt,7/13/2016,DTLA,Active,593,34.041691,-118.235352,92,107,83,91,69,79,72,15,1,45,61,114,195,133,29,501,735,935,1153,990,949,1111,1073,1274,835,1020,1150
3049,2nd & Figueroa,7/7/2016,DTLA,Active,1209,34.056969,-118.253593,178,179,190,183,188,163,128,22,6,140,153,231,262,266,129,922,908,1325,1163,1088,1041,1427,1232,1083,860,976,1318
3051,7th & Broadway,7/7/2016,DTLA,Active,795,34.045422,-118.253517,124,111,100,130,127,104,99,31,4,67,86,160,128,220,99,695,842,888,848,674,581,734,705,753,466,792,804
3052,7th & Bixel,7/7/2016,DTLA,Active,807,34.051102,-118.264557,126,108,134,109,106,115,109,26,30,67,140,127,139,176,102,622,664,956,810,723,710,755,964,863,508,785,960
3054,Factory Place & Alameda,7/7/2016,DTLA,Active,268,34.039219,-118.236488,36,53,36,53,38,29,23,3,1,19,20,62,51,86,26,329,307,453,484,416,480,330,479,499,275,214,376
3056,Grand & 14th,7/7/2016,DTLA,Active,335,34.03746,-118.265381,49,54,54,53,42,42,41,12,2,43,53,59,55,87,24,315,281,412,413,351,307,198,340,441,351,545,565
3057,18th & Figueroa,7/7/2016,DTLA,Active,332,34.035679,-118.270813,59,38,52,47,46,50,40,11,0,23,70,72,71,56,29,157,164,273,188,180,168,231,179,213,88,130,162
3058,Industrial St & Mateo St,7/7/2016,DTLA,Active,306,34.035801,-118.23317,51,45,43,45,47,41,34,15,2,15,43,49,55,94,33,306,360,463,647,381,426,450,509,566,462,568,778
3062,3rd & San Pedro,7/7/2016,DTLA,Active,720,34.047749,-118.243172,100,93,102,124,105,98,98,24,7,69,94,175,175,104,72,648,582,891,867,630,630,756,867,984,731,827,767
3063,Olive & 5th,7/7/2016,DTLA,Active,1203,34.048038,-118.253738,205,212,182,216,196,62,130,29,2,94,114,215,264,404,81,849,819,1155,918,1074,1038,1062,594,1230,836,957,1156
3064,Grand & 7th,7/11/2016,DTLA,Active,1622,34.04681,-118.256981,277,227,235,222,229,224,208,25,9,75,233,339,316,417,208,1219,1387,1599,2000,1592,1527,1727,2179,1912,1242,1561,1858
3065,New High & Ord,7/7/2016,DTLA,Active,359,34.060558,-118.238327,50,53,52,49,78,30,47,4,49,32,47,77,63,54,33,247,149,245,356,287,299,267,267,331,239,321,432
3066,Spring & College,7/7/2016,DTLA,Active,753,34.063389,-118.23616,102,99,132,116,114,103,87,27,9,286,109,84,80,105,53,668,573,695,742,720,675,726,807,909,376,440,609
3067,Main & 6th,7/7/2016,DTLA,Active,1449,34.045181,-118.250237,206,216,207,226,250,179,165,34,6,312,207,246,266,258,120,1213,1197,1850,1668,1410,1011,1267,1504,1405,856,1301,1640
3068,Grand & 3rd,7/7/2016,DTLA,Active,1094,34.0532,-118.250954,160,168,169,186,169,141,101,24,4,58,99,240,310,290,69,1058,1010,1318,1790,1403,1399,1604,1628,1737,1002,1095,1155
3069,Broadway & 3rd,7/7/2016,DTLA,Active,1176,34.05088,-118.248253,165,186,154,156,214,166,135,17,4,108,183,281,249,228,106,1168,1252,1744,2017,1534,1245,1503,1694,1860,1381,1629,2128
3074,Hope & Olympic,7/7/2016,DTLA,Active,1657,34.04417,-118.261169,265,260,258,257,219,178,220,77,7,87,256,318,331,403,178,1052,903,1369,1193,895,763,823,1156,1020,649,664,1028
3075,Broadway & 9th,7/7/2016,DTLA,Active,932,34.04211,-118.256187,155,137,115,145,147,120,113,30,8,108,99,205,144,238,100,819,1002,1365,1541,1027,788,877,1048,906,512,704,909
3076,9th & Los Angeles,7/7/2016,DTLA,Active,771,34.0406,-118.253838,119,134,99,115,135,88,81,26,3,51,140,180,178,145,48,591,690,838,819,773,713,677,817,689,465,623,815
3077,8th & Wall,7/7/2016,DTLA,Active,370,34.039871,-118.250038,57,58,67,58,61,38,31,7,5,32,69,98,64,70,25,306,426,447,441,384,260,198,217,263,186,291,325
3078,Hill & College,7/7/2016,DTLA,Active,479,34.064281,-118.238937,65,71,56,56,74,82,75,29,5,61,65,63,118,63,75,356,285,399,399,366,295,369,341,386,342,242,295
3079,Temple & Vignes,7/7/2016,DTLA,Active,163,34.05014,-118.233192,29,31,30,27,12,27,7,2,0,11,23,33,72,18,4,#N/A,#N/A,#N/A,11,185,185,233,193,256,186,202,305
3081,Stanford & 12th,7/13/2016,DTLA,Active,205,34.031891,-118.250183,33,35,42,26,37,19,13,5,3,5,17,35,108,20,12,170,141,306,310,301,274,246,173,177,207,231,155
3082,Traction & Rose,8/29/2016,DTLA,Active,1158,34.04652,-118.237411,186,170,170,143,167,177,145,48,10,186,144,202,184,257,127,1313,1332,1690,2216,1902,1489,1703,1941,2104,1460,1648,800
4125,Banning's Landing,7/31/2017,Port of LA,Inactive,11,33.766659,-118.261017,4,1,0,1,3,0,2,0,0,0,2,3,6,0,0,22,4,8,16,8,15,25,36,#N/A,#N/A,#N/A,#N/A
4126,Cabrillo Beach,7/31/2017,Port of LA,Inactive,749,33.710979,-118.284668,105,83,67,137,61,136,160,2,1,37,109,214,215,150,21,565,88,200,812,404,314,371,382,#N/A,#N/A,#N/A,#N/A
4127,Catalina Express,7/31/2017,Port of LA,Inactive,48,33.74892,-118.275192,8,7,5,9,5,7,7,0,0,7,3,5,6,22,5,48,28,19,89,40,39,48,84,#N/A,#N/A,#N/A,#N/A
4129,Crafted 22nd St Park,7/31/2017,Port of LA,Inactive,420,33.725819,-118.28051,37,45,46,57,59,91,85,2,0,52,54,57,121,122,12,163,74,79,237,172,91,195,228,#N/A,#N/A,#N/A,#N/A
4130,DoubleTree Hotel,7/31/2017,Port of LA,Inactive,231,33.719261,-118.282722,22,32,26,32,31,26,62,0,0,16,64,34,65,50,2,182,131,134,315,202,123,207,256,#N/A,#N/A,#N/A,#N/A
4131,Downtown Harbor,7/31/2017,Port of LA,Inactive,286,33.738979,-118.279266,39,23,15,35,41,69,64,0,0,11,41,50,67,101,16,292,136,159,437,277,151,256,488,#N/A,#N/A,#N/A,#N/A
4132,Fanfare Fountain,7/31/2017,Port of LA,Inactive,226,33.74913,-118.280182,37,12,17,24,27,48,61,0,1,3,9,15,36,124,38,176,105,147,359,193,119,209,311,#N/A,#N/A,#N/A,#N/A
4133,Ports O'Call,7/31/2017,Port of LA,Inactive,271,33.733521,-118.277786,56,15,28,37,53,31,51,0,0,15,43,53,63,78,19,330,150,143,302,134,129,103,178,#N/A,#N/A,#N/A,#N/A
4134,USS IOWA,7/31/2017,Port of LA,Inactive,107,33.74136,-118.278069,12,8,2,13,20,23,29,0,0,0,14,33,37,20,3,144,55,81,147,148,112,69,162,#N/A,#N/A,#N/A,#N/A
4135,Waterfront Park (East),7/31/2017,Port of LA,Inactive,135,33.772301,-118.268044,22,37,15,18,18,14,11,0,0,3,13,18,18,76,7,176,30,64,66,64,48,68,234,#N/A,#N/A,#N/A,#N/A
4136,Waterfront Park (West),7/31/2017,Port of LA,Inactive,79,33.771759,-118.276543,13,5,11,12,6,15,17,0,0,2,2,9,19,42,5,79,22,41,58,47,25,47,95,#N/A,#N/A,#N/A,#N/A
4220,Park & Echo Park,9/28/2017,DTLA,Active,957,34.074829,-118.258728,198,141,143,159,139,74,103,26,4,265,168,133,121,144,96,624,425,603,702,530,422,501,#N/A,#N/A,#N/A,#N/A,#N/A
4227,Grand / LATTC,12/15/2017,DTLA,Active,633,34.0298,-118.270309,104,116,102,110,95,53,53,11,6,50,55,111,181,192,27,223,134,213,203,32,16,21,#N/A,#N/A,#N/A,#N/A,#N/A
4245,University & Hoover,7/8/2018,DTLA,Active,339,34.02404,-118.283409,55,51,40,62,45,57,29,4,2,6,38,60,101,93,35,202,216,309,394,#N/A,#N/A,#N/A,#N/A,#N/A,#N/A,#N/A,#N/A
4246,32nd & Figueroa,7/3/2018,DTLA,Active,353,34.023708,-118.279167,46,57,56,50,35,51,58,10,2,13,29,45,75,113,66,240,240,407,359,#N/A,#N/A,#N/A,#N/A,#N/A,#N/A,#N/A,#N/A
4247,25th & Vermont,5/29/2019,DTLA,Active,188,34.033642,-118.291313,29,32,23,21,23,28,32,6,4,19,24,30,45,46,14,92,#N/A,#N/A,#N/A,#N/A,#N/A,#N/A,#N/A,#N/A,#N/A,#N/A,#N/A
4248,29th & Ellendale,7/2/2018,DTLA,Active,421,34.028351,-118.288673,65,52,58,58,65,65,58,3,1,46,88,74,66,98,45,185,175,189,266,#N/A,#N/A,#N/A,#N/A,#N/A,#N/A,#N/A,#N/A
4249,Figueroa & McCarthy Way,6/29/2018,DTLA,Active,770,34.020302,-118.281181,114,134,117,110,109,86,100,7,2,38,61,119,235,195,113,366,243,572,564,6,#N/A,#N/A,#N/A,#N/A,#N/A,#N/A,#N/A
4250,Severance & Adams,7/9/2018,DTLA,Active,348,34.03017,-118.280952,49,56,57,55,45,44,42,6,2,72,38,54,50,88,38,191,184,259,228,#N/A,#N/A,#N/A,#N/A,#N/A,#N/A,#N/A,#N/A
4254,Hoover & 29th,6/28/2018,DTLA,Active,231,34.028679,-118.284111,25,31,28,30,36,40,41,13,0,28,20,41,56,48,25,123,128,146,237,8,#N/A,#N/A,#N/A,#N/A,#N/A,#N/A,#N/A
4266,28th & Figueroa,11/29/2018,DTLA,Active,890,34.026291,-118.277687,128,108,129,124,105,148,148,50,6,64,75,139,176,229,151,367,304,62,#N/A,#N/A,#N/A,#N/A,#N/A,#N/A,#N/A,#N/A,#N/A
4267,28th & University,8/23/2018,DTLA,Active,68,34.027618,-118.280678,9,6,12,8,5,14,14,2,0,3,6,23,17,9,8,71,53,97,121,#N/A,#N/A,#N/A,#N/A,#N/A,#N/A,#N/A,#N/A
4273,Hoover & 32nd,10/8/2018,DTLA,Active,617,34.02586,-118.284103,93,97,77,79,84,89,98,4,0,5,61,89,180,203,75,343,352,178,#N/A,#N/A,#N/A,#N/A,#N/A,#N/A,#N/A,#N/A,#N/A
4275,Expo Park/LAFC,12/18/2018,DTLA,Active,227,34.01252,-118.285896,19,28,24,20,35,51,50,6,0,7,25,28,45,33,83,147,68,24,#N/A,#N/A,#N/A,#N/A,#N/A,#N/A,#N/A,#N/A,#N/A
4285,Metro Bike Share Free Bikes,2/27/2019,Free Bikes,Active,0,0,0,188,147,176,171,248,239,192,13,3,67,222,344,354,281,77,647,279,#N/A,#N/A,#N/A,#N/A,#N/A,#N/A,#N/A,#N/A,#N/A,#N/A
4286,Metro Bike Share Out of Service Area Smart Bike,2/27/2019,Free Bikes,Active,0,0,0,60,115,59,90,94,103,113,3,3,17,76,177,179,147,32,330,47,#N/A,#N/A,#N/A,#N/A,#N/A,#N/A,#N/A,#N/A,#N/A,#N/A
4293,Westlake & 3rd,1/25/2019,DTLA,Active,251,34.062279,-118.271523,30,35,34,42,39,39,32,9,1,68,45,34,45,27,22,114,31,#N/A,#N/A,#N/A,#N/A,#N/A,#N/A,#N/A,#N/A,#N/A,#N/A
4300,Union & Olympic,1/24/2019,DTLA,Active,314,34.04887,-118.2743,56,56,55,33,45,35,34,9,2,38,74,58,41,64,28,200,70,#N/A,#N/A,#N/A,#N/A,#N/A,#N/A,#N/A,#N/A,#N/A,#N/A
4301,Maubert & Vermont,6/18/2019,DTLA,Active,211,34.099049,-118.291496,26,21,37,29,27,17,54,6,0,18,25,55,47,50,10,30,#N/A,#N/A,#N/A,#N/A,#N/A,#N/A,#N/A,#N/A,#N/A,#N/A,#N/A
4302,Vermont Pl & Vermont,6/19/2019,DTLA,Active,189,34.092491,-118.291443,33,25,19,19,9,34,50,4,3,14,36,42,32,35,23,14,#N/A,#N/A,#N/A,#N/A,#N/A,#N/A,#N/A,#N/A,#N/A,#N/A,#N/A
4303,Sunset & Virgil,6/18/2019,DTLA,Active,169,34.098011,-118.287071,22,19,23,17,20,23,45,3,0,5,29,40,47,39,6,18,#N/A,#N/A,#N/A,#N/A,#N/A,#N/A,#N/A,#N/A,#N/A,#N/A,#N/A
4304,Shatto Pl & Wilshire,1/28/2019,DTLA,Active,559,34.06258,-118.290092,86,89,69,86,79,57,93,17,7,23,67,89,105,167,84,221,47,#N/A,#N/A,#N/A,#N/A,#N/A,#N/A,#N/A,#N/A,#N/A,#N/A
4306,8th & Vermont,1/29/2019,DTLA,Active,229,34.057652,-118.292183,27,37,17,42,31,30,45,7,6,31,40,45,38,36,26,202,66,#N/A,#N/A,#N/A,#N/A,#N/A,#N/A,#N/A,#N/A,#N/A,#N/A
4311,7th & Berendo,2/7/2019,DTLA,Active,521,34.059689,-118.294662,53,50,62,68,92,105,91,25,4,14,53,100,96,149,80,155,48,#N/A,#N/A,#N/A,#N/A,#N/A,#N/A,#N/A,#N/A,#N/A,#N/A
4312,4th & Vermont,2/7/2019,DTLA,Active,256,34.06699,-118.290878,38,39,36,34,37,36,36,28,4,10,23,50,43,46,52,153,35,#N/A,#N/A,#N/A,#N/A,#N/A,#N/A,#N/A,#N/A,#N/A,#N/A
4313,Westlake/Macarthur Park Station,2/6/2019,DTLA,Active,228,34.056808,-118.275002,32,38,33,21,27,34,43,5,2,25,32,33,35,63,33,195,54,#N/A,#N/A,#N/A,#N/A,#N/A,#N/A,#N/A,#N/A,#N/A,#N/A
4314,7th & Park View,2/8/2019,DTLA,Active,475,34.057709,-118.279762,63,63,67,73,87,59,63,4,12,103,105,65,70,93,23,190,39,#N/A,#N/A,#N/A,#N/A,#N/A,#N/A,#N/A,#N/A,#N/A,#N/A
4315,Union & 7th,2/6/2019,DTLA,Active,601,34.054031,-118.27092,66,89,80,95,100,87,84,15,5,67,86,127,101,104,96,319,152,#N/A,#N/A,#N/A,#N/A,#N/A,#N/A,#N/A,#N/A,#N/A,#N/A
4322,Venice & Inglewood,2/27/2019,Westside,Active,149,34.005871,-118.429161,22,13,20,23,25,18,28,1,0,5,17,54,27,39,6,121,50,#N/A,#N/A,#N/A,#N/A,#N/A,#N/A,#N/A,#N/A,#N/A,#N/A
4323,Venice & Beethoven,2/27/2019,Westside,Active,101,33.99958,-118.44136,15,16,17,15,14,14,10,0,0,8,49,17,10,16,1,92,29,#N/A,#N/A,#N/A,#N/A,#N/A,#N/A,#N/A,#N/A,#N/A,#N/A
4324,Palms & Motor,2/27/2019,Westside,Active,166,34.02655,-118.408463,24,21,34,21,29,19,18,2,1,44,51,26,18,23,1,65,50,#N/A,#N/A,#N/A,#N/A,#N/A,#N/A,#N/A,#N/A,#N/A,#N/A
4325,Venice & Clarington,2/27/2019,Westside,Active,147,34.022518,-118.400589,22,18,20,15,23,19,30,2,12,16,50,18,27,19,3,147,65,#N/A,#N/A,#N/A,#N/A,#N/A,#N/A,#N/A,#N/A,#N/A,#N/A
4328,Sepulveda & Palms,2/27/2019,Westside,Active,71,34.020061,-118.422684,13,8,16,9,9,7,9,3,0,9,17,11,17,10,4,61,10,#N/A,#N/A,#N/A,#N/A,#N/A,#N/A,#N/A,#N/A,#N/A,#N/A
4329,Palms & National,2/27/2019,Westside,Active,179,34.029121,-118.403168,18,24,24,29,24,38,22,6,3,12,26,26,57,39,10,263,67,#N/A,#N/A,#N/A,#N/A,#N/A,#N/A,#N/A,#N/A,#N/A,#N/A
4330,Bagley & Venice,2/27/2019,Westside,Active,179,34.025688,-118.395302,26,19,28,33,25,23,25,0,6,40,33,31,26,21,22,189,117,#N/A,#N/A,#N/A,#N/A,#N/A,#N/A,#N/A,#N/A,#N/A,#N/A
4331,Venice & Colonial,2/27/2019,Westside,Active,160,34.00351,-118.43438,14,18,21,27,28,22,30,4,0,15,59,33,27,18,4,99,132,#N/A,#N/A,#N/A,#N/A,#N/A,#N/A,#N/A,#N/A,#N/A,#N/A
4332,National & Motor,2/27/2019,Westside,Active,84,34.02948,-118.410469,11,10,15,9,14,13,12,1,0,15,13,16,23,15,1,65,32,#N/A,#N/A,#N/A,#N/A,#N/A,#N/A,#N/A,#N/A,#N/A,#N/A
4333,Venice & Walgrove,2/27/2019,Westside,Active,69,33.997231,-118.445969,8,10,11,9,5,12,14,0,8,1,23,19,8,7,3,88,23,#N/A,#N/A,#N/A,#N/A,#N/A,#N/A,#N/A,#N/A,#N/A,#N/A
4334,Venice & Motor,2/27/2019,Westside,Active,120,34.02018,-118.40403,15,17,25,11,18,18,16,0,0,34,32,14,14,24,2,127,60,#N/A,#N/A,#N/A,#N/A,#N/A,#N/A,#N/A,#N/A,#N/A,#N/A
4335,Venice & Hughes,2/27/2019,Westside,Active,153,34.023392,-118.399223,24,18,27,20,15,27,22,6,1,13,28,30,41,25,9,127,82,#N/A,#N/A,#N/A,#N/A,#N/A,#N/A,#N/A,#N/A,#N/A,#N/A
4336,Barrington & National,2/28/2019,Westside,Active,84,34.022449,-118.438332,11,9,7,16,13,10,18,1,1,8,13,15,22,20,4,57,28,#N/A,#N/A,#N/A,#N/A,#N/A,#N/A,#N/A,#N/A,#N/A,#N/A
4337,Inglewood & Braddock,5/22/2019,Westside,Active,37,33.993019,-118.414909,3,6,4,7,7,3,7,0,0,2,9,9,12,4,1,17,#N/A,#N/A,#N/A,#N/A,#N/A,#N/A,#N/A,#N/A,#N/A,#N/A,#N/A
4338,Sepulveda & Venice,7/2/2019,Westside,Active,73,34.01376,-118.417801,6,21,11,6,14,5,10,1,0,11,23,7,19,10,2,#N/A,#N/A,#N/A,#N/A,#N/A,#N/A,#N/A,#N/A,#N/A,#N/A,#N/A,#N/A
4340,17th St / SMC Expo Line Station,2/27/2019,Westside,Active,198,34.02338,-118.479637,35,23,21,21,20,44,34,0,1,17,33,60,45,36,6,133,34,#N/A,#N/A,#N/A,#N/A,#N/A,#N/A,#N/A,#N/A,#N/A,#N/A
4341,7th & Westminster,2/27/2019,Westside,Active,74,33.9953,-118.464844,11,17,5,5,13,18,5,0,2,2,14,27,26,3,0,44,15,#N/A,#N/A,#N/A,#N/A,#N/A,#N/A,#N/A,#N/A,#N/A,#N/A
4342,Abbot Kinney & Cadiz,2/27/2019,Westside,Active,369,33.991161,-118.468292,53,52,40,59,58,52,55,2,0,6,70,123,95,61,12,287,91,#N/A,#N/A,#N/A,#N/A,#N/A,#N/A,#N/A,#N/A,#N/A,#N/A
4343,California & Lincoln,2/27/2019,Westside,Active,165,33.998322,-118.460983,28,37,26,28,18,16,12,0,0,15,51,18,32,46,3,138,71,#N/A,#N/A,#N/A,#N/A,#N/A,#N/A,#N/A,#N/A,#N/A,#N/A
4344,Downtown Santa Monica Expo Line Station,2/27/2019,Westside,Active,1301,34.014309,-118.491341,164,177,178,175,156,228,223,31,3,92,217,286,348,254,70,1120,355,#N/A,#N/A,#N/A,#N/A,#N/A,#N/A,#N/A,#N/A,#N/A,#N/A
4345,Ocean Front Walk & Navy,2/27/2019,Westside,Active,2801,33.99556,-118.481552,281,374,389,355,422,550,430,4,1,72,501,823,785,534,81,2306,323,#N/A,#N/A,#N/A,#N/A,#N/A,#N/A,#N/A,#N/A,#N/A,#N/A
4346,Ocean Front Walk & North Venice,2/27/2019,Westside,Active,1967,33.984341,-118.47155,264,298,198,236,272,329,370,6,0,73,401,532,526,369,60,1221,412,#N/A,#N/A,#N/A,#N/A,#N/A,#N/A,#N/A,#N/A,#N/A,#N/A
4347,Pacific & North Venice,2/27/2019,Westside,Active,687,33.984928,-118.469963,77,70,85,140,112,123,80,5,0,22,117,193,199,129,22,529,89,#N/A,#N/A,#N/A,#N/A,#N/A,#N/A,#N/A,#N/A,#N/A,#N/A
4348,Rose & 7th,2/27/2019,Westside,Active,210,34.000881,-118.46891,26,28,27,29,25,35,40,0,0,6,39,45,45,67,8,164,65,#N/A,#N/A,#N/A,#N/A,#N/A,#N/A,#N/A,#N/A,#N/A,#N/A
4349,Rose & Main,2/27/2019,Westside,Active,552,33.996239,-118.477448,85,74,77,92,78,98,48,1,2,8,74,175,161,115,16,452,127,#N/A,#N/A,#N/A,#N/A,#N/A,#N/A,#N/A,#N/A,#N/A,#N/A
4350,Rose & Rennie,2/27/2019,Westside,Active,120,33.9986,-118.472977,19,16,7,16,20,24,18,0,0,4,16,37,33,24,6,99,21,#N/A,#N/A,#N/A,#N/A,#N/A,#N/A,#N/A,#N/A,#N/A,#N/A
4351,Venice & Lincoln,2/27/2019,Westside,Active,224,33.993729,-118.45356,28,25,23,42,38,36,32,0,46,15,33,51,44,32,3,143,51,#N/A,#N/A,#N/A,#N/A,#N/A,#N/A,#N/A,#N/A,#N/A,#N/A
4352,Washington & Abbot Kinney,2/27/2019,Westside,Active,224,33.988419,-118.45163,28,29,27,38,29,25,48,0,0,6,46,56,45,57,14,171,60,#N/A,#N/A,#N/A,#N/A,#N/A,#N/A,#N/A,#N/A,#N/A,#N/A
4353,Windward & Main,2/27/2019,Westside,Active,410,33.988129,-118.471741,41,51,44,60,52,71,91,1,0,32,64,89,117,95,12,374,98,#N/A,#N/A,#N/A,#N/A,#N/A,#N/A,#N/A,#N/A,#N/A,#N/A
4354,Venice & Glendon,2/27/2019,Westside,Active,141,34.017681,-118.409081,18,18,17,8,21,25,34,3,0,9,26,31,30,27,15,138,72,#N/A,#N/A,#N/A,#N/A,#N/A,#N/A,#N/A,#N/A,#N/A,#N/A
4372,Public Bike Rack: Culver City Expo Line,3/19/2019,Westside,Active,118,34.027882,-118.388901,25,13,25,13,19,17,6,0,0,17,16,13,45,24,3,93,3,#N/A,#N/A,#N/A,#N/A,#N/A,#N/A,#N/A,#N/A,#N/A,#N/A
4378,Palms & Kelton,3/21/2019,Westside,Active,67,34.022331,-118.415771,10,15,11,12,10,5,4,1,1,50,5,4,5,1,0,39,2,#N/A,#N/A,#N/A,#N/A,#N/A,#N/A,#N/A,#N/A,#N/A,#N/A
4379,Sepulveda & Charnock,3/20/2019,Westside,Active,22,34.017368,-118.420601,3,3,4,2,2,4,4,4,1,2,2,3,4,6,0,25,4,#N/A,#N/A,#N/A,#N/A,#N/A,#N/A,#N/A,#N/A,#N/A,#N/A
4380,Centinela & Lucile,3/20/2019,Westside,Active,61,33.982922,-118.410927,9,10,10,13,13,5,1,1,0,0,12,3,20,25,0,64,13,#N/A,#N/A,#N/A,#N/A,#N/A,#N/A,#N/A,#N/A,#N/A,#N/A
4381,Sepulveda & Lucerne,3/20/2019,Westside,Active,39,34.000332,-118.402321,8,7,2,6,4,7,5,0,0,4,5,12,11,7,0,38,1,#N/A,#N/A,#N/A,#N/A,#N/A,#N/A,#N/A,#N/A,#N/A,#N/A
4382,Westwood & National,3/20/2019,Westside,Active,45,34.030472,-118.420982,5,9,12,11,6,2,0,0,1,6,3,8,11,16,0,28,5,#N/A,#N/A,#N/A,#N/A,#N/A,#N/A,#N/A,#N/A,#N/A,#N/A
4383,McLaughlin & Venice,4/29/2019,Westside,Active,114,34.009022,-118.425011,16,29,18,18,13,9,11,0,0,17,58,20,13,5,1,48,#N/A,#N/A,#N/A,#N/A,#N/A,#N/A,#N/A,#N/A,#N/A,#N/A,#N/A
4384,Inglewood & Ballona,7/2/2019,Westside,Active,41,33.990318,-118.412048,4,5,3,2,2,14,11,0,0,3,9,10,10,8,1,#N/A,#N/A,#N/A,#N/A,#N/A,#N/A,#N/A,#N/A,#N/A,#N/A,#N/A,#N/A
4385,Public Bike Rack: Westwood/Rancho Park Expo Line,3/19/2019,Westside,Active,69,34.036678,-118.425339,9,17,9,10,11,8,5,1,0,6,23,5,13,16,5,37,2,#N/A,#N/A,#N/A,#N/A,#N/A,#N/A,#N/A,#N/A,#N/A,#N/A
4387,Row DTLA,4/1/2019,DTLA,Active,393,34.03352,-118.241837,40,49,52,51,55,44,102,0,0,6,31,97,148,99,12,319,#N/A,#N/A,#N/A,#N/A,#N/A,#N/A,#N/A,#N/A,#N/A,#N/A,#N/A
4389,Expo/Sepulveda Expo Line Station,5/6/2019,Westside,Active,137,34.035351,-118.434143,27,21,22,17,23,12,15,14,2,4,11,13,32,39,22,31,#N/A,#N/A,#N/A,#N/A,#N/A,#N/A,#N/A,#N/A,#N/A,#N/A,#N/A
4390,Kenmore & 3rd,5/9/2019,DTLA,Active,383,34.069271,-118.296593,47,62,45,52,57,54,66,12,4,53,55,70,45,58,86,104,#N/A,#N/A,#N/A,#N/A,#N/A,#N/A,#N/A,#N/A,#N/A,#N/A,#N/A
4393,Durango & Venice,7/3/2019,Westside,Active,124,34.026829,-118.393517,19,20,19,23,16,15,12,4,0,7,51,24,22,13,3,1,#N/A,#N/A,#N/A,#N/A,#N/A,#N/A,#N/A,#N/A,#N/A,#N/A,#N/A
4394,Westlawn & Beatrice,7/3/2019,Westside,Active,68,33.980789,-118.414902,12,14,4,5,7,14,12,0,0,4,9,21,18,16,0,2,#N/A,#N/A,#N/A,#N/A,#N/A,#N/A,#N/A,#N/A,#N/A,#N/A,#N/A
4395,COAST Pop-up,9/15/2019,Westside,Inactive,8,34.01157,-118.495422,0,0,0,0,0,0,8,0,0,0,1,2,5,0,0,3,#N/A,#N/A,#N/A,#N/A,#N/A,#N/A,#N/A,#N/A,#N/A,#N/A,#N/A
4396,Sepulveda & National,5/22/2019,Westside,Active,64,34.02697,-118.428207,8,8,6,13,14,9,6,0,0,11,13,12,8,12,8,21,#N/A,#N/A,#N/A,#N/A,#N/A,#N/A,#N/A,#N/A,#N/A,#N/A,#N/A
4397,Mar Vista Rec Center,5/17/2019,Westside,Active,74,34.01688,-118.428452,8,21,10,7,9,10,9,0,0,2,13,22,12,19,6,25,#N/A,#N/A,#N/A,#N/A,#N/A,#N/A,#N/A,#N/A,#N/A,#N/A,#N/A
4400,Newton & Central,6/11/2019,DTLA,Active,148,34.027828,-118.247139,21,36,15,25,25,17,9,7,3,18,5,23,54,26,12,42,#N/A,#N/A,#N/A,#N/A,#N/A,#N/A,#N/A,#N/A,#N/A,#N/A,#N/A
4401,Vermont & Beverly,5/31/2019,DTLA,Active,385,34.075611,-118.291862,57,52,51,44,50,64,67,25,12,19,72,62,90,52,53,60,#N/A,#N/A,#N/A,#N/A,#N/A,#N/A,#N/A,#N/A,#N/A,#N/A,#N/A
4402,Pop Hollywood Ciclavia Walk of Fame Hub,8/18/2019,DTLA,Inactive,121,34.101509,-118.33979,0,0,0,0,0,0,121,0,0,2,49,66,4,0,0,#N/A,#N/A,#N/A,#N/A,#N/A,#N/A,#N/A,#N/A,#N/A,#N/A,#N/A,#N/A
4404,Albany & Olympic,6/4/2019,DTLA,Active,269,34.04813,-118.271027,46,47,48,36,31,32,29,5,6,27,36,44,76,50,25,40,#N/A,#N/A,#N/A,#N/A,#N/A,#N/A,#N/A,#N/A,#N/A,#N/A,#N/A
4405,Berendo & Olympic,6/25/2019,DTLA,Active,225,34.051899,-118.293678,31,30,32,31,34,36,31,5,6,40,26,31,35,53,29,18,#N/A,#N/A,#N/A,#N/A,#N/A,#N/A,#N/A,#N/A,#N/A,#N/A,#N/A
4406,Normandie & Hollywood,8/15/2019,DTLA,Active,213,34.101891,-118.300613,24,14,15,26,18,42,74,6,2,25,47,56,52,20,5,#N/A,#N/A,#N/A,#N/A,#N/A,#N/A,#N/A,#N/A,#N/A,#N/A,#N/A,#N/A
4407,Pop Hollywood Ciclavia Barnsdall Art Park Hub,8/18/2019,DTLA,Active,166,34.101871,-118.29377,0,0,0,0,0,0,166,0,0,6,70,83,7,0,0,#N/A,#N/A,#N/A,#N/A,#N/A,#N/A,#N/A,#N/A,#N/A,#N/A,#N/A,#N/A
4408,Venice & Sawtelle,6/5/2019,Westside,Active,50,34.011799,-118.419533,4,19,6,9,7,4,1,1,0,11,15,11,9,2,1,14,#N/A,#N/A,#N/A,#N/A,#N/A,#N/A,#N/A,#N/A,#N/A,#N/A,#N/A
4409,Maxella & Del Ray,6/5/2019,Westside,Active,138,33.986511,-118.441917,19,18,13,20,23,22,23,0,0,6,29,25,44,30,4,33,#N/A,#N/A,#N/A,#N/A,#N/A,#N/A,#N/A,#N/A,#N/A,#N/A,#N/A
4410,Kenmore & 6th,6/4/2019,DTLA,Active,837,34.063351,-118.296799,115,103,84,127,130,125,153,60,7,26,60,142,162,196,184,152,#N/A,#N/A,#N/A,#N/A,#N/A,#N/A,#N/A,#N/A,#N/A,#N/A,#N/A
4413,Lankershim & Vineland,8/5/2019,North Hollywood,Active,78,34.158321,-118.370811,4,12,13,5,10,12,22,1,3,19,11,11,13,16,4,#N/A,#N/A,#N/A,#N/A,#N/A,#N/A,#N/A,#N/A,#N/A,#N/A,#N/A,#N/A
4414,Chandler & Colfax,8/5/2019,North Hollywood,Active,107,34.16835,-118.387497,17,21,20,18,16,5,10,0,0,9,19,21,51,5,2,#N/A,#N/A,#N/A,#N/A,#N/A,#N/A,#N/A,#N/A,#N/A,#N/A,#N/A,#N/A
4415,Chandler & Laurel Canyon,8/5/2019,North Hollywood,Active,92,34.168331,-118.396156,14,14,17,11,12,16,8,3,0,6,16,15,18,28,6,#N/A,#N/A,#N/A,#N/A,#N/A,#N/A,#N/A,#N/A,#N/A,#N/A,#N/A,#N/A
4416,Riverside & Colfax,8/5/2019,North Hollywood,Active,78,34.157581,-118.38826,6,10,15,9,14,15,9,3,3,3,25,15,18,7,4,#N/A,#N/A,#N/A,#N/A,#N/A,#N/A,#N/A,#N/A,#N/A,#N/A,#N/A,#N/A
4417,Magnolia & Cartwright,8/5/2019,North Hollywood,Active,80,34.164951,-118.363632,10,7,9,14,16,19,5,0,2,4,19,11,16,23,5,#N/A,#N/A,#N/A,#N/A,#N/A,#N/A,#N/A,#N/A,#N/A,#N/A,#N/A,#N/A
4418,Lankershim & Moorpark,8/5/2019,North Hollywood,Active,52,34.150688,-118.366127,3,6,11,7,8,4,13,0,1,6,18,7,8,7,5,#N/A,#N/A,#N/A,#N/A,#N/A,#N/A,#N/A,#N/A,#N/A,#N/A,#N/A,#N/A
4419,Magnolia & Clybourn,8/5/2019,North Hollywood,Active,38,34.165218,-118.355148,5,3,10,7,3,3,7,0,0,0,6,9,5,14,4,#N/A,#N/A,#N/A,#N/A,#N/A,#N/A,#N/A,#N/A,#N/A,#N/A,#N/A,#N/A
4420,North Hollywood Station,8/5/2019,North Hollywood,Active,427,34.168629,-118.377068,64,81,61,59,54,47,61,29,3,37,41,41,69,148,59,#N/A,#N/A,#N/A,#N/A,#N/A,#N/A,#N/A,#N/A,#N/A,#N/A,#N/A,#N/A
4422,Riverside & Cahuenga,8/5/2019,North Hollywood,Active,39,34.152142,-118.361954,4,2,3,5,13,5,7,1,2,8,9,13,5,1,0,#N/A,#N/A,#N/A,#N/A,#N/A,#N/A,#N/A,#N/A,#N/A,#N/A,#N/A,#N/A
4425,Mariota & Riverside,8/5/2019,North Hollywood,Active,66,34.152,-118.350601,5,7,13,16,7,7,11,1,0,3,10,16,9,17,10,#N/A,#N/A,#N/A,#N/A,#N/A,#N/A,#N/A,#N/A,#N/A,#N/A,#N/A,#N/A
4426,Tujunga & Moorpark,8/5/2019,North Hollywood,Active,90,34.149872,-118.378891,10,14,13,9,18,11,15,0,0,8,24,25,24,6,3,#N/A,#N/A,#N/A,#N/A,#N/A,#N/A,#N/A,#N/A,#N/A,#N/A,#N/A,#N/A
4427,Vineland & Otsego,8/5/2019,North Hollywood,Active,75,34.162891,-118.370163,13,9,11,7,17,6,12,1,0,11,17,12,13,14,7,#N/A,#N/A,#N/A,#N/A,#N/A,#N/A,#N/A,#N/A,#N/A,#N/A,#N/A,#N/A
4428,Lankershim & Hesby,8/5/2019,North Hollywood,Active,102,34.161709,-118.372818,12,12,23,11,13,12,19,1,1,7,20,20,15,31,7,#N/A,#N/A,#N/A,#N/A,#N/A,#N/A,#N/A,#N/A,#N/A,#N/A,#N/A,#N/A
4429,Chandler & Cahuenga,8/5/2019,North Hollywood,Active,136,34.168751,-118.36187,24,16,15,25,10,18,28,2,0,7,29,30,20,41,7,#N/A,#N/A,#N/A,#N/A,#N/A,#N/A,#N/A,#N/A,#N/A,#N/A,#N/A,#N/A
4430,Vineland & Burbank,8/5/2019,North Hollywood,Active,49,34.172451,-118.370369,7,8,5,7,4,12,6,3,1,7,10,8,7,12,1,#N/A,#N/A,#N/A,#N/A,#N/A,#N/A,#N/A,#N/A,#N/A,#N/A,#N/A,#N/A
4431,Lankershim & Califa,8/5/2019,North Hollywood,Active,81,34.177662,-118.382278,13,14,5,14,10,11,14,5,5,10,26,14,8,11,2,#N/A,#N/A,#N/A,#N/A,#N/A,#N/A,#N/A,#N/A,#N/A,#N/A,#N/A,#N/A
4432,Public Bike Rack: Universal City/Studio City Red Line Station,8/23/2019,North Hollywood,Active,52,34.139568,-118.362251,3,4,11,4,10,10,10,4,1,0,0,1,9,19,18,#N/A,#N/A,#N/A,#N/A,#N/A,#N/A,#N/A,#N/A,#N/A,#N/A,#N/A,#N/A
4435,Centre & 6th,8/28/2019,Port of LA,Inactive,26,33.738991,-118.28363,5,0,0,6,4,8,3,1,0,1,1,5,7,9,2,#N/A,#N/A,#N/A,#N/A,#N/A,#N/A,#N/A,#N/A,#N/A,#N/A,#N/A,#N/A
4436,Vermont & Franklin,9/4/2019,DTLA,Active,25,34.105782,-118.291939,5,3,4,1,4,8,0,0,0,11,4,6,0,1,3,#N/A,#N/A,#N/A,#N/A,#N/A,#N/A,#N/A,#N/A,#N/A,#N/A,#N/A,#N/A
4437,Franklin & Hillhurst,9/4/2019,DTLA,Active,39,34.105358,-118.28727,3,6,6,5,9,5,5,1,0,17,2,10,6,3,0,#N/A,#N/A,#N/A,#N/A,#N/A,#N/A,#N/A,#N/A,#N/A,#N/A,#N/A,#N/A
4438,Hoover & Fountain,9/5/2019,DTLA,Active,48,34.094929,-118.284561,19,2,5,7,5,5,5,1,0,2,11,15,11,6,2,#N/A,#N/A,#N/A,#N/A,#N/A,#N/A,#N/A,#N/A,#N/A,#N/A,#N/A,#N/A
4440,Wilshire & Alexandria,9/11/2019,DTLA,Active,153,34.061661,-118.298241,27,2,22,25,22,32,23,6,0,9,18,29,25,36,30,#N/A,#N/A,#N/A,#N/A,#N/A,#N/A,#N/A,#N/A,#N/A,#N/A,#N/A,#N/A
4441,University & 30th,9/11/2019,DTLA,Active,41,34.026619,-118.281807,8,2,7,7,6,5,6,1,1,2,8,10,9,7,3,#N/A,#N/A,#N/A,#N/A,#N/A,#N/A,#N/A,#N/A,#N/A,#N/A,#N/A,#N/A
4442,Normandie & Sunset,9/12/2019,DTLA,Active,17,34.098,-118.300468,7,1,0,2,2,2,3,0,0,4,2,2,4,4,1,#N/A,#N/A,#N/A,#N/A,#N/A,#N/A,#N/A,#N/A,#N/A,#N/A,#N/A,#N/A
4443,Flower & Jefferson,9/12/2019,DTLA,Active,56,34.02166,-118.278687,7,11,7,6,14,9,2,2,0,16,9,6,6,10,7,#N/A,#N/A,#N/A,#N/A,#N/A,#N/A,#N/A,#N/A,#N/A,#N/A,#N/A,#N/A
4444,Wilshire & Hobart,9/26/2019,DTLA,Active,61,34.061619,-118.305573,5,4,9,6,17,6,14,1,0,4,6,13,13,17,7,#N/A,#N/A,#N/A,#N/A,#N/A,#N/A,#N/A,#N/A,#N/A,#N/A,#N/A,#N/A
4445,Sunset & Douglas,9/18/2019,DTLA,Active,22,34.073639,-118.251572,1,1,1,4,3,4,8,1,0,4,2,2,3,6,4,#N/A,#N/A,#N/A,#N/A,#N/A,#N/A,#N/A,#N/A,#N/A,#N/A,#N/A,#N/A
4449,12th & Valencia,9/25/2019,DTLA,Active,10,34.04557,-118.274193,3,0,0,2,3,0,2,0,0,2,3,1,2,1,1,#N/A,#N/A,#N/A,#N/A,#N/A,#N/A,#N/A,#N/A,#N/A,#N/A,#N/A,#N/A
4453,Lucile & Hoover,9/25/2019,DTLA,Active,8,34.082649,-118.284393,1,0,3,2,1,1,0,0,0,1,3,2,1,0,1,#N/A,#N/A,#N/A,#N/A,#N/A,#N/A,#N/A,#N/A,#N/A,#N/A,#N/A,#N/A
